z,y,x,time
-0.2610463068902492,0.222692903098464,-0.31069004324227567,1727699085026637
-0.38308629415035245,0.24251228681206702,-0.1443205003902316,1727699085036640
-0.2630290051400661,0.3668020988255739,0.03183335437327623,1727699085046643
-0.15935469565391538,0.3069324442744255,-0.08575345287024974,1727699085056646
-0.07050327676832675,0.32663258552253244,-0.23292393586412072,1727699085066648
0.1108779572546482,0.41406595430374143,-0.3112396399490535,1727699085076651
0.2836339862734079,0.4901280342429876,-0.4184168429896235,1727699085086654
0.541564206969738,0.5461749156355857,-0.5408636574849486,1727699085096657
0.714748690533638,0.5804395888090134,-0.6043399582259357,1727699085106659
0.38971594142317767,0.4473889627128839,-0.5117246567621827,1727699085116662
0.10047639022767543,0.23631577025949954,-0.4387938605859875,1727699085126665
-0.130759300288558,0.08984276801049709,-0.2488080259554088,1727699085136668
-0.18098083652853963,0.10890694944262504,-0.056457946411520236,1727699085146671
-0.04414835380613803,0.2247708784162998,0.10892740770876407,1727699085156673
0.25547347519397734,0.25643267561495303,0.14726415262669323,1727699085166676
0.6031237143039703,0.14566577751934529,0.01964461166858673,1727699085176679
0.806419258493185,-0.1302294311955571,-0.14386223522871733,1727699085186682
0.852561416465044,-0.38170448440313337,-0.23594737533852456,1727699085196685
0.4783943418294191,-0.4890379009187221,-0.21923545612096784,1727699085206687
-0.18711188662946224,-0.5268237339556217,-0.17890227668881414,1727699085216690
-0.5303589223444461,-0.5116448695242405,-0.16632263497039676,1727699085226693
-0.6865443403124809,-0.3961716934338212,-0.14906871783062814,1727699085236696
-0.7637596819400787,-0.29765111344903705,-0.042045974699407816,1727699085246698
-0.6329407604187727,-0.2055988526955247,0.06462780886366963,1727699085256701
-0.322412922000885,-0.15241671308428048,0.17730960066989063,1727699085266704
-0.024012743750214574,-0.16274609165787696,0.1975930947639048,1727699085276707
0.10772621522545814,-0.20793284860104322,0.1741613657720387,1727699085286710
0.11222995638549327,-0.2217033075392246,0.12201682558022439,1727699085296712
0.13042670733332634,-0.1856149260699749,0.09686470253653824,1727699085306715
0.23581308143436908,-0.127130003875494,0.10127696602083743,1727699085316718
0.41776363977789877,-0.10263210695683955,0.11870689731463789,1727699085326721
0.6529997981071471,-0.13601006042361258,0.17877930789627133,1727699085336724
0.8610539350003004,-0.1368856742143631,0.25727036854811014,1727699085346726
0.8938742545843124,-0.09532733690142631,0.3966990783087909,1727699085356729
0.7019289564490317,-0.07202069559395313,0.5180013258788735,1727699085366732
0.38887364538013935,-0.07191957330703735,0.5044583920862525,1727699085376735
0.11461305212974547,-0.06184884566962719,0.4094042461030185,1727699085386738
-0.10555588544905185,-0.005011106160283088,0.3259682033296674,1727699085396740
-0.24338263990581036,0.06859890445172787,0.23872005492225287,1727699085406743
-0.23613281490802762,0.12071487613618373,0.10532989467345177,1727699085416746
-0.18843875131905077,0.12157236974835395,-0.01507102014273405,1727699085426749
-0.09302899683117866,0.11439736355245113,-0.06614983079917729,1727699085436752
0.04092763819396496,0.1096107137978077,-0.0780935857668519,1727699085446754
0.17908873917162418,0.08982873948514461,-0.0070006725423038,1727699085456757
0.15289865138232708,0.06455342845320701,0.057009881205856795,1727699085466760
0.06876373962461949,0.045752281871438025,0.09603117432184517,1727699085476763
0.05527531249821186,0.025243746849894524,0.10269099753722548,1727699085486766
0.09259995776414871,0.053559156230092046,0.12448964543454348,1727699085496768
0.18932897815704344,0.07223229251801967,0.1274864891629666,1727699085506771
0.28390228182077404,0.05934416937232017,0.1057250314708799,1727699085516774
0.4161322391837835,0.03366553823649883,0.09198036456108093,1727699085526777
0.5831874262124299,-0.016229250267148016,0.058234819890931246,1727699085536780
0.7253349664777516,-0.0376928940564394,0.03723258306831121,1727699085546782
0.720237351077795,-0.04729717322587967,0.035518472626805304,1727699085556785
0.6122644676148891,-0.026599837633967397,0.04306918026730418,1727699085566788
0.43866906516253945,-0.00708323625922203,0.02759863941296935,1727699085576791
0.20654431685209274,0.010628361520171164,0.016666618771106003,1727699085586794
-0.015846388429403304,0.004615384840965271,0.05854490875340998,1727699085596796
-0.18046295013427732,0.022878186762332914,0.07932225077897309,1727699085606799
-0.2868196305721998,0.02080605666339397,0.10584222810976207,1727699085616802
-0.3546481351733207,0.03100771720409393,0.09387757648453116,1727699085626805
-0.403225411337614,0.06430851378142834,0.07830532882139087,1727699085636808
-0.4069301110744476,0.08657704421281814,0.06496683155968785,1727699085646810
-0.3650070321023464,0.1068260515153408,0.057211906583979726,1727699085656813
-0.33207448431551456,0.09028291299343108,0.03190072052106261,1727699085666816
-0.39250761796832084,0.09660334818661212,-0.0076546794716268775,1727699085676819
-0.5045622177869081,0.18868834216594696,-0.04885894264988601,1727699085686822
-0.5877636480867863,0.2768389193058014,-0.05809519222453236,1727699085696824
-0.5288122774243355,0.23731880982220172,-0.09685286596827208,1727699085706827
-0.2874316249907017,0.14090543124973773,-0.11468735947497188,1727699085716830
-0.06257248376905918,0.08262801432609558,-0.09743161570429801,1727699085726833
0.014629413855075836,0.10878653793334961,0.013244316172227263,1727699085736836
-0.08308861757516861,0.20176234327256679,0.12691511901579797,1727699085746838
-0.2431453240185976,0.34445231985151764,0.18843458660058676,1727699085756841
-0.4484837722122669,0.49981239291131496,0.21813377848938106,1727699085766844
-0.6300596520245075,0.5249310520768166,0.1082741314318031,1727699085776847
-0.7475812850773335,0.40821255210041996,-0.11149652754440903,1727699085786850
-0.727320587337017,0.2562292619973421,-0.32415355512313543,1727699085796852
-0.5654051012843847,0.12160861010551452,-0.44066886067762967,1727699085806855
-0.42273090679645536,0.017395371437072753,-0.4070427776686847,1727699085816858
-0.32338556642532346,0.018312486281991003,-0.22542481228038666,1727699085826861
-0.10291033937633037,0.09637421560585498,-0.08945771421566605,1727699085836864
0.17436171064972877,0.1510679288238287,0.0007765373304486274,1727699085846867
0.4721119005590677,0.1786123538315296,0.03644932373613119,1727699085856869
0.8063216433376074,0.2663976047903299,-0.0381708868317306,1727699085866872
1.055673420780897,0.4078635925322771,-0.03158646694011986,1727699085876875
1.2066519177556037,0.6100087976425885,0.07768632014021278,1727699085886878
1.3137772444784641,0.7346458156585693,0.2669188521854579,1727699085896881
1.1973387304872274,0.5178934085249901,0.444427190297842,1727699085906883
0.8933774109780788,-0.05470598817765712,0.39225525064244865,1727699085916886
0.6374094302654266,-0.5953700314372777,0.2283412842489779,1727699085926889
0.5745908627808094,-0.7933727299153804,0.20131839889734982,1727699085936892
0.603633417391777,-0.7026806515991687,0.41363749975860115,1727699085946895
0.6811603091865778,-0.3550292434453964,0.6461641068682075,1727699085956898
0.630758155682683,-0.11878770746588706,0.8137443406842648,1727699085966900
0.45683892810344695,-0.035332010143995285,0.8497017892502248,1727699085976903
0.17138181805610656,-0.07753039892613887,0.7416855050370097,1727699085986906
-0.15957213779687882,-0.1027519339442253,0.5892166233740747,1727699085996909
-0.2468611296713352,-0.04656067564487457,0.3651929100632667,1727699086006912
-0.13210779228806496,-0.017494740158319474,0.1025723395936191,1727699086016914
0.49292730957269665,0.011084873116016388,-0.2912590743243694,1727699086026917
0.4764379470646381,-0.11984218495488166,-0.6163970373749733,1727699086036920
0.2556809804648161,-0.039137832167744635,-0.5286804677382111,1727699086046923
0.5146440513402223,0.12064824064075946,-0.48131914323493835,1727699086056926
0.30055706402361393,0.25182605860233304,-0.27720468387827274,1727699086066929
-0.10907938340008258,0.26581249837875365,-0.07152180616110562,1727699086076931
-0.40516602401137347,0.10964403154551983,-0.03946969447061419,1727699086086934
-0.5502782593011856,0.014538812962174415,-0.15257234203740955,1727699086096937
-0.5805436337053775,0.14602935013473034,-0.17535335203558206,1727699086106940
-0.49008770223259923,0.22354747410118578,-0.33592414548099037,1727699086116943
-0.2805424499988556,0.15902444078624248,-0.5725694399558008,1727699086126945
-0.0797603499352932,0.050045595151185986,-0.5927265311911701,1727699086136948
-0.07338204707503318,0.05416413638591766,-0.3688626846171915,1727699086146951
-0.14531447986364363,0.1436655436128378,-0.09041830287612974,1727699086156954
-0.17935469663143158,0.19780805268883703,0.11964702770896256,1727699086166957
-0.1620692153096199,0.1817763708204031,0.15955021822601556,1727699086176960
-0.13047931430339813,0.13162030103206634,0.10991408065855503,1727699086186962
-0.0386947645753622,0.07424304781854152,0.04990720959380269,1727699086196965
0.2117085677474737,0.06540449232459068,-0.02901084429845214,1727699086206968
0.3918161285728216,0.05497779085636138,-0.09143025639764964,1727699086216971
0.4974667065680027,0.023917466682195663,-0.05310936663597822,1727699086226974
0.5445850160956383,0.006501636978983879,0.06820252554528415,1727699086236977
0.4399778096735477,0.038918636459112164,0.12101429747417568,1727699086246979
0.1988379802584648,0.03585924888849258,0.1721826861102134,1727699086256982
-0.03126023066043854,0.018038345515727996,0.16258885526955127,1727699086266985
-0.20534838506579398,0.01694587410390377,0.10431721049956977,1727699086276988
-0.3328472222536802,0.029814708027243612,0.07156272269338369,1727699086286991
-0.3349316273123026,0.02053600755035877,0.010533157517388463,1727699086296994
-0.24347440984249114,0.0016834230422973632,-0.03803301273100078,1727699086306996
-0.11705752267241477,0.01891045217514038,-0.047336774583905936,1727699086316999
0.00987783541381359,0.028517069432139396,-0.019307050277292726,1727699086327002
0.08572656486332415,0.03894143281280994,0.014685016499832271,1727699086337005
0.09020634062588215,0.0417056368291378,0.08824081270657479,1727699086347008
0.12149755094647406,0.0513607694029808,0.13005896999947725,1727699086357011
0.12432897498011589,0.07025777757465838,0.14085530849769712,1727699086367013
0.12251286546885967,0.08139116600751876,0.1562372212205082,1727699086377016
0.11991291210353373,0.02744622533023357,0.18045820089392364,1727699086387019
0.1243459261149168,-0.022734394377470015,0.18287454132065176,1727699086397022
0.17348200520575047,-0.06293488734066487,0.21553075638413427,1727699086407025
0.2401771218627691,-0.07211421909630299,0.30292152813263235,1727699086417028
0.19775193858742712,-0.07706219689249992,0.3580692687284201,1727699086427030
0.042781741628050804,-0.08888649019896984,0.38908370793424546,1727699086437033
-0.09231120395064353,-0.09691314478814601,0.3763553053949028,1727699086447036
-0.22769173429906367,-0.061085460081696505,0.32903862375095483,1727699086457039
-0.36323125460147854,-0.00526420413851738,0.27270255015343425,1727699086467042
-0.45585342419743535,0.023677812707424164,0.1736518088147044,1727699086477045
-0.5055494752585887,0.02957914570569992,0.12045870941802858,1727699086487047
-0.49624330225288865,0.03936988735795021,0.04491385828591883,1727699086497050
-0.4709060319006443,0.03753215053677559,0.026191329898312687,1727699086507053
-0.4427016816794872,0.04035889839529991,-0.0003338350642472505,1727699086517056
-0.3950526262760162,0.06120177993774414,-0.004068929939344525,1727699086527059
-0.3153367000043392,0.08918576540648937,-0.009284911021962761,1727699086537062
-0.2648462836951017,0.1021639049232006,-0.053817149579152464,1727699086547065
-0.20487375329136848,0.08435001581311226,-0.12841712107658385,1727699086557067
-0.13481938933432103,0.08837970972061157,-0.2159109148081392,1727699086567070
-0.09066869744062424,0.12631751844882963,-0.26510573834888634,1727699086577073
-0.11590718359351157,0.16641513555943965,-0.28166714317984876,1727699086587076
-0.18162147251963615,0.21500760929286478,-0.32963432462178166,1727699086597079
-0.25776363195776936,0.2310585803836584,-0.40765952132754024,1727699086607082
-0.35375381668210026,0.25405250248014927,-0.46274077255837615,1727699086617084
-0.3530611582428217,0.25799159549474715,-0.5420148368140683,1727699086627087
-0.22508125953972338,0.26356033553779123,-0.6265640649937093,1727699086637090
-0.026866964137554166,0.30545711102485656,-0.6974680315174162,1727699086647093
0.22239362789094447,0.34432723216712474,-0.7271636432096362,1727699086657096
0.36975977958738804,0.35036943494081496,-0.7418092775471508,1727699086667099
0.32879005581736565,0.34022213493585585,-0.6825267021689564,1727699086677102
0.08275310201048851,0.35341362494230266,-0.5385631985228508,1727699086687104
-0.34928456231355665,0.45802024684250353,-0.42721904852855946,1727699086697107
-0.8561036191165446,0.5410521657943725,-0.3756677249895409,1727699086707110
-1.2194874339312314,0.5373702624112368,-0.38655524890255183,1727699086717113
-1.350121062013507,0.4597194519758224,-0.5348686913864686,1727699086727116
-1.429812438365817,0.35239597233235836,-0.696025869885087,1727699086737119
-1.4098375718295573,0.24008710549175738,-0.7859257018450647,1727699086747122
-1.1931880405485629,0.2356377248674631,-0.8466346567645668,1727699086757124
-1.047158105891943,0.4360755415380001,-0.8988593495205044,1727699086767127
-1.2071435006648301,0.6416992364138364,-1.0216378801882267,1727699086777130
-1.3695797957211733,0.7269646135061979,-1.315457744911313,1727699086787133
-1.3093360471606255,0.813774881953001,-1.5024043579764663,1727699086797136
-1.2050368837743997,0.9134317724913358,-1.5324888228558002,1727699086807139
-1.1405752252578734,1.100090654656291,-1.2138709092237054,1727699086817142
-1.5991986986905335,1.3777882366180418,-0.7348737061303109,1727699086827144
-1.3716770602613686,1.6641601234227419,-1.1735473744027316,1727699086837147
-0.763326551219821,1.3888316086798906,-1.00043098763898,1727699086847150
-1.3542638609066604,1.0857827278405427,-0.4615805331399664,1727699086857153
-1.4472870125189423,1.1850281149685382,-0.24733539611957966,1727699086867156
-1.0780150164484976,0.9910188700407743,0.21594920099191367,1727699086877159
-0.9914186830133199,0.920522023013234,0.47745771856643254,1727699086887162
-0.43377603242397306,0.8641706057161093,0.8295777235016226,1727699086897164
0.11764818204194306,0.8916969105452298,0.7790010902136564,1727699086907167
1.123335628904402,1.1194079340666532,0.5111610315300524,1727699086917170
1.6175728520318864,0.8291045530319213,-0.01459426947645843,1727699086927173
1.7005688228875397,0.16982991243898868,-0.5811623501256108,1727699086937176
1.439105751889944,-0.2296563123703003,-0.9086531599126756,1727699086947179
0.7333046301826834,-0.2369365325063467,-0.6468048889897763,1727699086957182
-0.12258973009735345,0.014255319845676422,-0.026370266661792992,1727699086967184
-0.6223103530719876,0.08987608575820923,0.4107090450912714,1727699086977187
-1.009070659559965,0.22874738083183765,0.7944709004156291,1727699086987190
-1.060878588208556,0.38600598098933697,0.9815775263480842,1727699086997193
-0.8739052332669496,0.47755906004905696,0.986950013166666,1727699087007196
-0.5737611339583992,0.5582493843108415,0.8260336211539805,1727699087017199
-0.24827421133965252,0.4584440252125263,0.5432604894936084,1727699087027202
0.031201778471469876,0.19629063386321066,0.29929113574102517,1727699087037204
0.2130851167976856,0.07545183908641338,0.2831802511565387,1727699087047207
0.32722587524056435,0.06032265901565551,0.37261107736527915,1727699087057210
0.36417569584473963,0.33475042552649975,0.7128288283869624,1727699087067213
0.42815468541085716,0.5420037674307823,0.9697571785643696,1727699087077216
0.6071633450835943,0.43438218162357806,0.77101666733101,1727699087087219
0.5731780733734368,0.5059007729142904,0.5647808319061994,1727699087097222
0.4746541323877871,0.6208931797504424,0.41951194474995135,1727699087107225
0.33692835408747196,0.6110498311281204,0.4738295181319117,1727699087117227
0.25238500765934585,0.4233773880064487,0.5422624183669686,1727699087127230
0.3474094160914421,0.1898059480190277,0.5970306581258773,1727699087137233
0.5448130526978522,0.03623158933222294,0.602926730427146,1727699087147236
0.5169394688010216,0.08846446539461612,0.6387184670373797,1727699087157239
0.36885965240988877,0.3630541444689035,0.9661454178079962,1727699087167242
0.4577823829660192,0.3755816176086664,0.6990446331843734,1727699087177245
0.6596808833062648,0.25123218436241146,0.324164149582386,1727699087187248
0.7257108140528201,0.37618425967693325,0.22998101428002118,1727699087197250
0.57380643440485,0.2883703671455383,0.2942190931737423,1727699087207253
0.4726531678289175,0.01940145056247711,0.411250604622066,1727699087217256
0.3356044120073318,-0.20997195321321485,0.5562514884918928,1727699087227259
0.291127575165499,-0.4166565553188324,0.5837427220076322,1727699087237262
0.2808808881729841,-0.34976854643821714,0.6761912886023521,1727699087247265
0.421164972653985,-0.18231120834946632,0.75186787635535,1727699087257268
0.557392475220561,-0.28950317056775093,0.3812178699299693,1727699087267271
0.672088529458642,-0.02215513318479061,0.6243418588995934,1727699087277273
0.8714356282830238,-0.06963350819647311,0.3858592659950256,1727699087287276
0.9213795166254043,-0.09961129783093929,0.3917483240336179,1727699087297279
0.9095499626219272,0.006211714121699333,0.4892196872264147,1727699087307282
0.8494985217630863,0.015974983245134352,0.5446744479447603,1727699087317285
0.7153624385178089,0.05813420906066894,0.49591509321182964,1727699087327288
0.5430044689059257,0.11607260328829287,0.32646307417452336,1727699087337291
0.4564730174005031,0.21357026996612546,0.1739244882762432,1727699087347294
0.4852174658477306,0.2770873411089182,0.043949324102699756,1727699087357296
0.5276210218131542,0.2986930237174034,0.046402270212769506,1727699087367299
0.5414601620733738,0.33070962570309637,0.14026362621486185,1727699087377302
0.5407891309440136,0.25753917555212974,0.21951631888896225,1727699087387305
0.4604255544185638,0.19786065965890884,0.22927958801239728,1727699087397308
0.33748072727322576,0.16918460027277468,0.20767302862107753,1727699087407311
0.17281508399592713,0.13983283358216284,0.15050795685350893,1727699087417314
0.10978254496706649,0.1670183621495962,0.08346621871590613,1727699087427317
0.0999263368631713,0.21406302191913126,0.09881868614852428,1727699087437320
0.14232404760969802,0.2044809545814991,0.11130232014656066,1727699087447322
0.16943651094092055,0.18929916754066942,0.1279118019029498,1727699087457325
0.175054935344588,0.1779033287793398,0.13474018661826848,1727699087467328
0.16795651978254317,0.20538111829161643,0.15819178935438394,1727699087477331
0.10005843881024047,0.20435294428765774,0.09482552485913037,1727699087487334
-0.025640637212991712,0.20636428411006927,0.017951251754164694,1727699087497337
-0.11417816784381865,0.2598977213770151,0.03741933781206608,1727699087507340
-0.1437128898859024,0.26624329101145267,0.04830371991991996,1727699087517343
-0.11191606813073157,0.26753800699710845,0.05184650709331035,1727699087527346
-0.07128476426852867,0.179445297524333,0.06615297260433435,1727699087537348
-0.011172496600542217,0.0755593911141157,0.15592618250995874,1727699087547351
0.05617374090896919,-0.0007189619243144989,0.22161767508238553,1727699087557354
0.147555536788702,-0.06279986278414726,0.1879655808493495,1727699087567357
0.1189326871608384,-0.10785890169441699,0.14949147328734397,1727699087577360
0.05586862048255279,-0.060336687541007995,0.12965630748271942,1727699087587363
0.020806659451592713,0.027844869258999823,0.07119301259815693,1727699087597366
-0.004226093262434005,0.060192310634255404,-0.035245208643376824,1727699087607369
-0.009622417614329606,0.08635141876339912,-0.08637246155142783,1727699087617372
0.005551788908243179,0.11348434036076069,-0.05372340688109398,1727699087627374
-0.030281741017103195,0.08341478078961372,-0.012905366541445255,1727699087637377
-0.0981856489419937,0.09835983646512031,0.06940086848437786,1727699087647380
-0.1388414844572544,0.08143032897412776,0.035782384259998794,1727699087657383
-0.1341641220296733,0.028984686943888664,-0.05342734654396772,1727699087667386
-0.10524316623806952,0.09459025479853153,-0.14635346752256154,1727699087677389
-0.08661562265753746,0.16432780789136886,-0.2068032600492239,1727699087687392
-0.07292027478218079,0.20658172625303267,-0.2850432685494423,1727699087697395
-0.0749239792874083,0.2194564053952694,-0.3439136829301715,1727699087707398
-0.11647296425011008,0.19095394901037216,-0.3584282382339239,1727699087717401
-0.15646248134374618,0.12641864073574544,-0.3207131323456764,1727699087727403
-0.11977090981695801,0.07952128048241137,-0.27741730371564627,1727699087737406
-0.06894315131213516,0.054370472612977026,-0.19156272855848072,1727699087747409
-0.01816462051020935,0.05977905365824699,-0.08440408408790827,1727699087757412
0.019602507826220243,0.07675473837852477,-0.003748831139504909,1727699087767415
0.10415944438828155,0.10461948138177395,0.020683891588449476,1727699087777418
0.15750877552628517,0.11057108326256275,0.020436931090056894,1727699087787421
0.10794482641220092,0.1149649343073368,0.08082242620885371,1727699087797424
0.03339724268913269,0.08214403020143508,0.10606120462268591,1727699087807426
-0.025356577840913087,0.03249006471633911,0.11298603544980287,1727699087817429
-0.07309559481646866,-0.0008405424773693085,0.15503975506424902,1727699087827431
0.019653964018821714,-0.045316813063621515,0.17879092526882887,1727699087837435
0.14793896488202735,-0.06883738938272,0.11910568737387657,1727699087847437
0.23830838711513205,-0.014915245059132574,0.065873863402009,1727699087857440
0.23299155774023383,0.0372135861068964,-0.012986030562222002,1727699087867443
0.1270002765486017,0.07548106518089771,-0.06365735639631748,1727699087877446
-0.04724690434336662,0.15693360598683356,-0.056414253400266165,1727699087887449
-0.12688450468182563,0.18831424815654754,-0.0779997700035572,1727699087897452
-0.1456207693338394,0.18278759368956088,-0.10612111811637878,1727699087907455
-0.14076808687197043,0.16499124023616313,-0.09730565123707055,1727699087917458
-0.0697124186515808,0.1513245339334011,-0.0933782486602664,1727699087927461
-0.007469057239033281,0.13818915802836418,-0.1120937627851963,1727699087937463
0.037032968842983245,0.1204763912051916,-0.14264584517627954,1727699087947466
0.02906708626402542,0.14140695103108883,-0.13616262063682077,1727699087957469
-0.035382279026508326,0.1456517489939928,-0.13957622847259044,1727699087967473
-0.14302666118741034,0.1552799935609102,-0.11202800407260656,1727699087977475
-0.18283260187506675,0.1929910077959299,-0.06751140147596597,1727699087987478
-0.14566289144251496,0.18908055635392665,-0.06929565454423427,1727699087997481
-0.031098902618885038,0.1371247436672449,-0.09362433237582445,1727699088007484
0.06517064703609794,0.13234627721905706,-0.11663958952128886,1727699088017487
0.08692658830285072,0.11312895105183124,-0.09847703310400246,1727699088027490
0.006886800371669232,0.10495032077133655,-0.07367284671515226,1727699088037493
-0.08947747836206107,0.0876852977156639,-0.04712357022464275,1727699088047496
-0.12560089461207388,0.031441432446241376,-0.021232465381920338,1727699088057498
-0.10843936846349388,0.024054244804382324,0.010359481450915337,1727699088067501
-0.039639973003603515,0.027746669581532477,0.05062865573614835,1727699088077504
0.040468751977942884,0.00006546645164489745,0.0627373189419508,1727699088087507
0.08804883379843086,0.021501053190231323,0.06688859340250491,1727699088097511
0.07606613505985588,0.05421265170276165,0.0804901255145669,1727699088107513
-0.012532112782262265,0.05467500851750374,0.06465835013240576,1727699088117516
-0.08884151854608208,0.10025193382203579,0.03723492115586996,1727699088127519
-0.13641688765883445,0.11377777034938334,-0.014050152662396431,1727699088137522
-0.14457213706374167,0.10312310534417629,-0.06307108094096184,1727699088147526
-0.08701656814124435,0.11398819822967052,-0.07646101612895727,1727699088157527
-0.022466719884611665,0.09272913710176944,-0.07276566874235868,1727699088167530
0.01911149117257446,0.08062602685391902,-0.035385201635956764,1727699088177533
0.03232870014216751,0.0879039089024067,0.01542348684221506,1727699088187536
0.05068506209850311,0.1022030678898096,0.024723522368073462,1727699088197539
0.030287586236000058,0.10201251375377178,0.05152589683681726,1727699088207542
0.019809410308860242,0.12625497460663318,0.04484364259392023,1727699088217545
-0.02976385462284088,0.09612813189029693,0.025160744741559028,1727699088227549
-0.08508651339411735,0.0836813227713108,0.029019465996325013,1727699088237551
-0.10446578865740448,0.07298164958059787,0.045563189040124415,1727699088247554
-0.0802654133806005,0.04257657444477081,0.04362725254148245,1727699088257557
-0.00902965761926025,0.009137246179580689,0.028409517404437062,1727699088267560
0.06943769336342812,0.004915244570374488,-0.0073965399920940395,1727699088277564
0.11052260447833687,-0.005905424651503562,-0.011430033291876316,1727699088287565
0.09497775627877562,-0.004773790273070335,0.015471709898114203,1727699088297568
0.05602525408267975,0.04100947125852108,0.022731764028966425,1727699088307571
-0.03394899482037872,0.09229659090340137,0.032308278408646585,1727699088317574
-0.07396419434454292,0.09610650458037853,0.049993864963948725,1727699088327577
-0.04095511072278023,0.12208791805505752,0.050504152573645114,1727699088337580
0.034402656872011717,0.09128244542479515,-0.0025078911677002907,1727699088347583
0.11016487708184868,0.042667759859561914,-0.0501584078758955,1727699088357586
0.1682733306467533,0.0109884270042181,-0.07049567798376083,1727699088367589
0.12005608343388885,0.010275894820690154,-0.07997837660014628,1727699088377592
0.0397100790977478,0.007237550038099288,-0.05072831671833992,1727699088387595
-0.015454758763313292,0.04274550127089023,-0.02489274145513773,1727699088397598
-0.03973466554973274,0.09242109406590461,-0.004284837712347507,1727699088407602
-0.10045359387397766,0.15212299083471298,0.06302081205844878,1727699088417603
-0.13017887005209922,0.20085048912465572,0.10520137292295693,1727699088427606
-0.0705798856684938,0.21532734276652335,0.07815612960904836,1727699088437609
0.008906871489807964,0.19440613529086112,0.0443958988264203,1727699088447612
0.14231233890559525,0.17707973743677138,0.028929741886258124,1727699088457615
0.21343696244265883,0.16238894878327845,-0.022525135540962218,1727699088467618
0.2170248308667913,0.06715747347176075,-0.08289163369834422,1727699088477621
0.1441746621787548,0.04260521601736545,-0.09662117610424756,1727699088487624
0.012915632207132875,0.039732875451445576,-0.054017129130661486,1727699088497627
-0.10348850459046662,0.032495909935235975,-0.021369243504107,1727699088507630
-0.1636322268426418,0.08066694338619708,0.027402093927562234,1727699088517633
-0.13660864737126976,0.11834230178594589,0.03695902682393789,1727699088527636
-0.09067103552818298,0.12232172681093215,0.04392272835671902,1727699088537639
-0.04648348222281783,0.14265665883123874,0.03531652031391859,1727699088547641
-0.015480441193841397,0.1355126322954893,0.028639234507083892,1727699088557644
-0.03182955498099327,0.0939075332313776,-0.025235855804383752,1727699088567647
-0.06534015838410705,0.029927520751953124,-0.02473229019641876,1727699088577650
-0.06469137561917304,-0.03543079434335231,-0.014446750764548778,1727699088587653
-0.06792615628931671,-0.04964987383186817,-0.0012999766826629637,1727699088597656
-0.04276007778551429,-0.03179857532083988,0.0021589315995573996,1727699088607659
-0.0042763621449470515,0.012425181809067725,-0.001420095930993557,1727699088617662
0.015029190295003353,0.08528817344605923,0.007667173627018928,1727699088627665
-0.016791048868373036,0.12510171291828154,-0.0030278233885765076,1727699088637668
-0.04487955415751785,0.1473725814372301,-0.0427121835231781,1727699088647671
-0.045805473363399504,0.1525783333867788,-0.047742286644876,1727699088657674
-0.022771840311028062,0.1423842716306448,-0.08549217158555984,1727699088667677
0.017493534581921995,0.1225333237349987,-0.1369485103175044,1727699088677680
0.054835204047895963,0.11185878498554229,-0.19242372930198906,1727699088687683
0.045060755943320686,0.07205284429788589,-0.22998159880191085,1727699088697685
0.03506429911851883,0.05229658894836902,-0.2094482216000557,1727699088707688
0.001657667546533048,0.08438976330161094,-0.10936053842902183,1727699088717691
-0.054572169197537004,0.09598200141787529,-0.0005371756166219711,1727699088727694
-0.06808163911197335,0.1190215162217617,0.05991086334437132,1727699088737697
-0.049544111902453,0.15453940432667732,0.07911854490041732,1727699088747700
0.01416647251844406,0.14838555787205696,0.05676233618557453,1727699088757703
0.10367664757370948,0.14273381572067737,0.005398059651255607,1727699088767706
0.13595979154109955,0.14377426468431947,-0.06364771178513765,1727699088777709
0.12126019852664321,0.10846212828457355,-0.09317600408643484,1727699088787712
0.08067925487849861,0.07953647805154324,-0.07328647774606943,1727699088797715
-0.011014730489253997,0.00537701686322689,-0.050994274178147316,1727699088807718
-0.1258873103380203,-0.00822831464111805,0.027614275373518467,1727699088817721
-0.19291797909233718,-0.005581599524617195,0.10487900910079478,1727699088827724
-0.1763900016069412,0.0047702831417322155,0.12055647070407867,1727699088837727
-0.0951963674655184,0.06278174260556697,0.12973083402365446,1727699088847730
-0.0012368483185768127,0.1170125144869089,0.1273217270553112,1727699088857733
0.05831069813873618,0.14946049362719058,0.11735358300954103,1727699088867736
0.03654427201058715,0.13706219982504844,0.11198796432316302,1727699088877738
0.004774338262341916,0.15117781893908977,0.09659954879432917,1727699088887741
-0.03266545781586319,0.09385141912996768,0.043596857403218746,1727699088897744
-0.053332982791401445,0.041588147929310794,-0.006138064363598823,1727699088907747
-0.025490963076613842,0.008974164572358131,-0.004279869276285171,1727699088917750
0.04523264191150665,0.008827449578046799,-0.031310791803896426,1727699088927753
0.1113876238098368,0.028190321695804595,-0.05424889205992221,1727699088937756
0.12041614891793578,0.07194879940152168,-0.07198708558529615,1727699088947759
0.06649754825830459,0.1066477723389864,-0.05470540365576744,1727699088957762
-0.013867233843542635,0.12225976749062538,-0.016763211013376713,1727699088967765
-0.09298460970018059,0.15681962421834467,0.03591711655557155,1727699088977768
-0.12527001868989318,0.20246844571530817,0.048018765498697755,1727699088987771
-0.06554010140299797,0.1822732144266367,0.003771335232257843,1727699088997774
0.032069172423146663,0.15552257014513016,-0.048235623119771476,1727699089007777
0.1385187918415293,0.13913082279264927,-0.08948153348267078,1727699089017780
0.16929390586614607,0.08640753286480903,-0.08687573489844798,1727699089027783
0.15120879859924316,0.059254737523198125,-0.10626900215446948,1727699089037786
0.10337737236618995,0.004571545699238777,-0.1290405136719346,1727699089047789
0.012145195823907851,-0.0036848259925842284,-0.10991115804910659,1727699089057792
-0.0995323873758316,0.022729133680462837,-0.0572428131788969,1727699089067794
-0.2151122752437368,0.0447077412545681,-0.02284574579745531,1727699089077797
-0.24175237182285636,0.08982990852892399,0.02277735673636198,1727699089087800
-0.22255437141060827,0.10872633217871189,0.06277823547422885,1727699089097803
-0.1468493978133425,0.12124503749012946,0.05253478161841631,1727699089107806
-0.016187785745598374,0.09096329647302627,0.04133621899485588,1727699089117809
0.0756943791380152,0.07943126411139964,0.04150076190680265,1727699089127812
0.10023147555589676,0.03977028485238552,0.003053250090777874,1727699089137815
0.052194334150291975,0.006750643303990364,-0.026756489500403404,1727699089147818
-0.03399926370289177,-0.017424013009667394,-0.030161037246882915,1727699089157821
-0.10318217858765273,0.0198725752055645,0.002068330706655979,1727699089167824
-0.09751578685641288,0.023846739533543587,0.013566460798680782,1727699089177827
-0.04166822742819786,0.045397477084398265,0.010323825615644454,1727699089187830
0.005537760382890701,0.06032791971266269,0.0026747721672058106,1727699089197833
0.036945290559530254,0.0531342088162899,0.015914777490496634,1727699089207836
0.027843079160712658,0.06791559836268425,0.03532061196714639,1727699089217839
-0.05812602575421333,0.0977414123058319,0.050823886047303674,1727699089227842
-0.15563951105568558,0.13457739727199078,0.05853256072849035,1727699089237845
-0.20659926190972328,0.14331483047902582,0.02831248677074909,1727699089247848
-0.15974281818866728,0.13103051844537258,-0.02444996612370014,1727699089257852
-0.08979074556231498,0.12274433613717556,-0.06460954255461693,1727699089267854
-0.04700027263853699,0.10638649105429648,-0.07988251501023769,1727699089277857
-0.04973229141831398,0.09279518807530403,-0.07829583034068345,1727699089287859
-0.06755089323613793,0.11361936491727828,-0.04689823703616857,1727699089297862
-0.07896072399020194,0.1184720656454563,-0.0026651275560259815,1727699089307865
-0.05064874867610633,0.123539870429039,0.03011456775665283,1727699089317868
0.021549057050421833,0.12734218532145022,0.05470657269954681,1727699089327871
0.11942483632564543,0.11347323444485664,0.05788724856227636,1727699089337874
0.1570878467004746,0.10614274542629717,0.06918664121180772,1727699089347877
0.1326455524265766,0.07518997327983379,0.059631169620156285,1727699089357880
0.11406827772855758,0.0727583622187376,0.06097498544454574,1727699089367883
0.11013674696590751,0.054957332590222355,0.03269698546528816,1727699089377886
0.14901563593652098,0.04552081120312214,-0.04472030847519636,1727699089387889
0.1603004155388102,0.03521218315660953,-0.11097703371495007,1727699089397892
0.11762333986163138,0.02823182274997234,-0.10538374375253916,1727699089407895
0.050197534309886396,0.057496495679020876,-0.06056260525137186,1727699089417898
-0.004705328146740794,0.07253507485687732,-0.02310673482120037,1727699089427901
-0.03698971422314644,0.08860708873569965,0.021187164935469627,1727699089437905
-0.01900751934144646,0.11944587911367416,0.04206687135696411,1727699089447907
0.017001476748660205,0.15665537356734274,0.05164893869459629,1727699089457910
0.04551671954989433,0.17874504030048846,0.049987142962217325,1727699089467913
0.032930867286399004,0.17726970705091952,0.0007367898419499397,1727699089477916
-0.011199439406394958,0.13330723120570181,-0.049962593042850494,1727699089487919
-0.04995199858359992,0.11631693343818188,-0.08638649007678031,1727699089497922
-0.08207154948711395,0.08005494896769523,-0.10903466747552155,1727699089507925
-0.1140589253783226,0.059225511428713795,-0.10670943939834833,1727699089517929
-0.11914886892847716,0.06332359439730643,-0.10500409678518771,1727699089527931
-0.10264080171994865,0.058822191324830055,-0.0734787854477763,1727699089537934
-0.057367316341400146,0.0531254409879446,-0.04467822289913893,1727699089547936
-0.04096917578075081,0.04355447956621647,0.007954758396744728,1727699089557939
-0.01063245317339897,0.04742869065105915,0.05846358714550733,1727699089567942
0.023259368099644778,0.07873919019401072,0.06643325085043907,1727699089577945
0.06306647783108055,0.08900397909879684,0.03329144422709942,1727699089587948
0.04560790496468544,0.10164660305082797,0.009932195949554443,1727699089597951
-0.011842413485050201,0.10709668515026569,0.0030357144340872762,1727699089607954
-0.040487493211030956,0.09939970090687274,-0.03616173896640539,1727699089617958
-0.05182137265205383,0.07903378922641277,-0.05108049115687609,1727699089627960
-0.07725033987574279,0.1006914942830801,-0.027304771032929418,1727699089637963
-0.060141457229852674,0.10075871430039406,-0.02862316015511751,1727699089647966
0.019174619536660612,0.10542962872087955,-0.03245499340295791,1727699089657969
0.10105565142035483,0.11134732833206652,-0.016668518467247484,1727699089667972
0.13318791567496954,0.09764438167214393,-0.007320552146434784,1727699089677975
0.15343929759766906,0.08060732215344905,-0.027792554549872873,1727699089687978
0.151471796916984,0.06205167476534843,-0.0567351559177041,1727699089697982
0.08392338789887725,0.0426338575899601,-0.0955675753980875,1727699089707984
0.033225393253564835,0.053015550872683524,-0.09688508773744106,1727699089717987
-0.02183076006863266,0.07588146267533302,-0.11567951231747865,1727699089727990
-0.0524631776869297,0.08828501717448234,-0.10603986957371234,1727699089737993
-0.0668668930273503,0.11019231307804583,-0.10842384210079908,1727699089747997
-0.10561378964874893,0.11877777059376239,-0.08081570420712232,1727699089757999
-0.13439904503040015,0.1144639990478754,-0.07341156543046236,1727699089768002
-0.16160035568885503,0.12369359968602657,-0.06663169603198767,1727699089778005
-0.18696283354759216,0.08963526273965836,-0.033623452660441394,1727699089788008
0.022277298259735106,-0.008941431346535682,-0.0668128978177905,1727699090808312
-0.009312639279104768,0.050365328624844545,-0.04386719877719879,1727699090818315
-0.05301964252591133,0.1150087734490633,-0.008171908278763294,1727699090828318
-0.05973462999463081,0.15824994928240776,-0.013980302296578883,1727699090838321
-0.0618482611477375,0.1842190877974033,-0.021014146456122398,1727699090848324
-0.05104392200615257,0.1821504648298025,-0.053851417174935336,1727699090858327
-0.02439560558795929,0.15525602816343306,-0.08091244257986545,1727699090868330
-0.006474164450168609,0.11698387291431427,-0.11295680935531854,1727699090878333
-0.01220244243647903,0.08921732958853244,-0.14809358918815851,1727699090888336
-0.0013619360029697416,0.036820787397027016,-0.1559299819022417,1727699090898339
-0.0016214637219905852,-0.004173486292362213,-0.15136135881245136,1727699090908342
-0.027874643342755735,0.0016658873856067657,-0.11285159541517495,1727699090918345
-0.05256258294079452,0.032793431577086446,-0.036485564093291754,1727699090928348
-0.09257657688856125,0.05602233147323131,0.022660160097479818,1727699090938351
-0.14076576705072075,0.11067746624648571,0.05497194563746452,1727699090948354
-0.13362400553729384,0.1608972489207983,0.0697886987581849,1727699090958357
-0.14238138555381447,0.16631576683819294,0.0445160180747509,1727699090968360
-0.12166472420692444,0.15002397272884846,0.05014730195999145,1727699090978363
-0.07308624246623367,0.12961714451611042,0.05003536601811647,1727699090988366
-0.01518233503010124,0.08634206641316414,0.01907996352314949,1727699090998369
0.046124622315168375,0.05621113204360008,-0.014222002097964285,1727699091008372
0.02978606645464897,0.030023382341861724,-0.023608546863496303,1727699091018375
0.015572868717648089,-0.020782675787806508,-0.01223199732452631,1727699091028378
-0.0048714419612661,-0.02607084532380104,0.004623860408365726,1727699091038381
-0.04396886905338615,0.010538929671049118,0.022581541903316973,1727699091048384
-0.008384345453046262,0.057791679233312604,0.05289133997112512,1727699091058387
-0.006602759265899658,0.10265899496376514,0.09734861359596252,1727699091068390
-0.022612813824415205,0.13450433203577994,0.10890519587695598,1727699091078393
-0.049945020853541786,0.13180150281786918,0.08024608762562274,1727699091088396
-0.049159459966421126,0.14405892684459684,0.03659107029438018,1727699091098399
-0.006635492491722106,0.12013561494350433,-0.03283376358747482,1727699091108402
0.02241762004587799,0.08997077830433844,-0.12147387780994176,1727699091118405
0.017479579121805727,0.055173021167516705,-0.1406947111085057,1727699091128408
0.03047693479564041,0.059974868491291994,-0.14559826524108646,1727699091138411
0.017727343337796627,0.03705050449967384,-0.15801906313598155,1727699091148414
-0.004352349990606308,0.05229483538269997,-0.09973960038572549,1727699091158417
-0.01824994243979454,0.08451485098600386,-0.029834289510548114,1727699091168421
0.023841478836536405,0.11346446661651134,-0.001050970357656479,1727699091178423
0.06569795884583145,0.12928338251709937,0.01709229683727026,1727699091188427
0.08005030932519584,0.17452070060372352,0.04698854566812515,1727699091198430
0.048615854609012604,0.1697632769435644,0.01663695428520441,1727699091208433
-0.00020224457383155822,0.1566577116549015,0.006828676976263523,1727699091218436
-0.010611446917988359,0.13592998092472552,-0.019052198733389376,1727699091228439
0.011848295236565172,0.10658113684356212,-0.07936433635503053,1727699091238442
0.041620296633243556,0.07166296819746494,-0.13648264637142418,1727699091248445
0.07714516246821732,0.048965983220934865,-0.13649346002638338,1727699091258448
0.09139934980273247,0.05202186366021633,-0.09994009139388799,1727699091268451
0.0780219818353653,0.05420856004953384,-0.0686281305462122,1727699091278454
0.0038742110848426817,0.05518412708342075,-0.04930032974183559,1727699091288457
-0.05277881950736046,0.08269172721207141,-0.0008989946663379669,1727699091298460
-0.09097615595459937,0.09420213226377963,0.06458060872107743,1727699091308463
-0.10159808773398399,0.09568857142925262,0.05772504373788833,1727699091318466
-0.07092584956195205,0.09353869991898536,0.044642859324812885,1727699091328469
-0.051308198965527116,0.07337211020290851,-0.0022796353697776793,1727699091338472
-0.08218498326633125,0.029939211189746854,-0.03710252694785595,1727699091348475
-0.11956040887143463,-0.0008387889117002486,-0.05840659626126289,1727699091358478
-0.13830251874234525,0.00518704724907875,-0.06363222195506095,1727699091368481
-0.1035538979768753,0.03410451417565345,-0.05715016645938158,1727699091378484
-0.08063954392261803,0.05040507611334324,-0.07333382401913403,1727699091388487
-0.11164601901769637,0.06705985831618308,-0.04878185882568359,1727699091398490
-0.15177699040863663,0.06657704323530196,-0.01988514242619276,1727699091408493
-0.14753098686933516,0.08461480422914028,0.0024178747966885567,1727699091418496
-0.1440308332612738,0.0876940655440092,0.018777765706181525,1727699091428499
-0.10714165680315345,0.102224695199728,0.05732844563573598,1727699091438502
-0.03695343733336776,0.11893500698208809,0.04847147770226001,1727699091448505
0.008640439105965196,0.10785481004118919,0.021076398037374017,1727699091458508
0.03174074418637901,0.11438742668032645,-0.0217351542070508,1727699091468511
0.02888940987586975,0.09627601592838764,-0.032573943607509134,1727699091478514
0.04859009911324828,0.09283493556380272,-0.06652969696223736,1727699091488517
0.06148702661991119,0.07676467525064945,-0.09832242706418037,1727699091498520
0.07156301495432853,0.07730068182349205,-0.10600596730411052,1727699091508523
0.07417232066988945,0.09227087194025516,-0.08033464269191026,1727699091518526
0.07120532409045845,0.1087035358250141,-0.06284867036193609,1727699091528529
0.05533084207773208,0.15011457362174987,-0.04619330363720655,1727699091538532
0.05651742151379585,0.16831132456958292,-0.028202888916432856,1727699091548535
0.05043488672971725,0.17385200756192207,-0.022745792554318904,1727699091558538
0.06835044611599296,0.16181494828760623,-0.018495441633462905,1727699091568541
0.09079027799367904,0.15308277577757834,-0.02290887416154146,1727699091578544
0.08718491044547408,0.13279694359600544,-0.04673544768989086,1727699091588547
0.05017305745575577,0.10179448708891868,-0.0704185210943222,1727699091598550
0.018544578004814682,0.08818097227811812,-0.09565613046437502,1727699091608553
0.01602642117142677,0.08394786475300789,-0.12633651541024446,1727699091618556
0.027013058077357707,0.08268880460262298,-0.13803922816365957,1727699091628559
0.016877448510192333,0.06305296076238155,-0.1149257713407278,1727699091638562
-0.019448212313652038,0.07655015571713447,-0.055122460024058816,1727699091648565
-0.05329323530290275,0.0961164414525032,-0.010335516053438186,1727699091658568
-0.09463873358275741,0.09970599037706851,0.008415069384872912,1727699091668571
-0.09717208798527717,0.09331833516657352,0.01954348938167095,1727699091678574
-0.0764659480324015,0.083315412068367,0.0000935235023498535,1727699091688577
-0.06705985831618308,0.05999357319176197,-0.047834056581556796,1727699091698580
-0.06795417680740357,0.07071136656105519,-0.09166180013120175,1727699091708583
-0.06310615225434303,0.04419745364487171,-0.1136512213602662,1727699091718586
-0.06260580151677131,-0.005555880561470985,-0.14052812236994505,1727699091728589
-0.07280099578406661,-0.016253800186514854,-0.10401333218216896,1727699091738592
-0.06623798400666564,-0.024777882903814313,-0.04996756147891283,1727699091748595
-0.04255436261296272,-0.01687748504281044,-0.01319791974723339,1727699091758598
-0.04597027200367301,-0.0006079027652740478,0.010142039307951926,1727699091768601
-0.06586739712860434,0.06474222902357578,0.025421733765304086,1727699091778604
-0.07350362762808799,0.09553834930360317,-0.011413374418020247,1727699091788607
-0.10630465798974037,0.1330687462747097,-0.043729836133122445,1727699091798610
-0.14462247901149095,0.07217150224149227,-0.00044452889710664746,1727699089798012
-0.06770750856995582,0.051399347847700116,-0.00019669161587953566,1727699089808014
-0.019982392255589364,0.050778585600852966,-0.006060907474160194,1727699089818018
0.0340332755703479,0.06184475401639938,-0.03381459131836891,1727699089828020
0.03588259323146194,0.08819733889102935,-0.04125409366935491,1727699089838024
0.026782756452821195,0.10301438427269458,-0.03609627251476049,1727699089848027
0.02967500729560852,0.11319850915670394,-0.0023506547793745993,1727699089858029
0.02725388109590858,0.0845136819422245,0.013346388307213783,1727699089868033
0.05662738469429314,0.06176935069262981,0.00601794511526823,1727699089878035
0.060116907310485836,0.08354103751778602,0.023936171382665634,1727699089888039
0.08162731285095215,0.07088321599662303,0.012023030748963355,1727699089898041
0.10294712772276252,0.07169745498895645,0.009117664696276187,1727699089908043
0.047858423837833106,0.0729588532269001,-0.024000761051476,1727699089918047
-0.010404526169039308,0.09592530279457569,-0.0604562222674489,1727699089928050
-0.10101944759581237,0.1280973876029253,-0.07924304806292057,1727699089938052
-0.16702596093416214,0.1415998432546854,-0.07289250999242067,1727699089948055
-0.18445059499833732,0.1597077468752861,-0.04638590359985828,1727699089958058
-0.10411039934847503,0.15329729531109332,-0.038481121824681754,1727699089968062
-0.04579498850200325,0.12075813075602054,0.018843524418771265,1727699089978065
0.030521394991874694,0.0847223562568426,0.025339900700747965,1727699089988067
0.08085106778144836,0.06283142696619033,0.053875090311467644,1727699089998071
0.08352583994865417,0.04384674051105976,0.07815320699959993,1727699090008073
0.05400631547570228,0.02173895359933376,0.10126987869292498,1727699090018077
0.028248737352155148,0.02995207067131996,0.126479138751328,1727699090028079
0.0703659141242504,0.042611645758152,0.09822510416954755,1727699090038082
0.06768997291326523,0.047209494942426676,0.051073184633255005,1727699090048086
0.07445522926449775,0.05888707325458526,-0.03128945675492287,1727699090058088
-0.01041040792055428,0.07542436655759811,-0.04085398843586445,1727699090068092
-0.09648001406788825,0.04717033197581768,-0.04001110787093639,1727699090078094
-0.1311199502944946,0.048718145939707753,-0.01724339574575424,1727699090088097
-0.12268292480614036,0.050829439005255696,0.010640051957964896,1727699090098101
-0.08058569484353065,0.08547931210398674,-0.023382336892187595,1727699090108103
-0.04650101787950843,0.14314531913101672,-0.059632923185825346,1727699090118107
-0.03928578927107155,0.15479191778302193,-0.12310790875256061,1727699090128109
-0.049411936890147626,0.16269991442859172,-0.16061755519658327,1727699090138112
-0.04997428348064422,0.14555822549164293,-0.199454943113029,1727699090148116
-0.038548013048432764,0.10120470450222492,-0.22819793025553226,1727699090158119
-0.046919572085142136,0.09749006789326667,-0.1793853840306401,1727699090168121
-0.03438395217154175,0.11630232039093971,-0.12386428007781505,1727699090178124
0.003739771050214767,0.11683832696378231,-0.0912301307156682,1727699090188127
0.07019055755734444,0.1312900461643934,-0.05685498290508985,1727699090198131
0.16437690773010252,0.16222878978550434,-0.042457039718329904,1727699090208134
0.2073731323590502,0.14213701887130736,-0.04026683619767427,1727699090218136
0.21485150541570036,0.10581249055862427,-0.02355973928570747,1727699090228139
0.15736845374014227,0.07912965081632137,-0.0005865677163004875,1727699090238143
0.02570489808823913,0.037438042512536046,0.004943009360134601,1727699090248146
-0.08081015124917029,0.049154783791303634,0.04317570938169956,1727699090258148
-0.12977321186065674,0.07650807014107704,0.06499649604558945,1727699090268151
-0.08992398002054541,0.10434417157173156,0.06672638857811689,1727699090278154
-0.02404138532280922,0.1118541088104248,0.07404518715888261,1727699090288158
0.029029658596776423,0.1308627606630325,0.05372720627337694,1727699090298161
0.019326631760597228,0.1323626438319683,0.031016485032439232,1727699090308163
-0.019926351219415665,0.09735621238052844,0.027052257576584814,1727699090318167
-0.06585457417964935,0.04855155720114707,0.055583940055966376,1727699090328169
-0.05021156283523887,0.012746668848395346,0.058899932736158365,1727699090338173
-0.005372925209999084,-0.00400455946624279,0.033253742565214635,1727699090348175
0.04649520919322967,0.008976502659916877,0.02146802770346403,1727699090358178
0.05447981473896652,0.0541623828202486,0.02537847914546728,1727699090368182
-0.006084872871637344,0.09316109877824783,0.028376784178614615,1727699090378184
-0.05430792877078056,0.12865326792001724,0.024046646019816396,1727699090388188
-0.08599018423557281,0.1407405960768461,-0.014938333673775195,1727699090398190
-0.06235098650548607,0.15675240420103073,-0.04083382243067026,1727699090408193
-0.0379460285672918,0.14880466006696225,-0.04973053785264492,1727699090418197
0.02350245614051819,0.11883739182651042,-0.09465718255490065,1727699090428199
0.03804415517952293,0.051666474351286885,-0.10469254661798477,1727699090438203
0.0737818600475788,0.032550854992866515,-0.10376637168377638,1727699090448205
0.06797755768299102,-0.007205985856056213,-0.11536533180177211,1727699090458208
0.01699205133318901,-0.0027706337571144104,-0.07904869453459977,1727699090468212
-0.04418397310879081,0.05955459725260734,-0.03750350896418094,1727699090478214
-0.07472648395393043,0.1088689555197954,0.03123305039256811,1727699090488217
-0.09417465973496436,0.14290098898112774,0.04859948799610138,1727699090498220
-0.07365790487434715,0.15976093836724758,0.054152738209068775,1727699090508223
-0.07115735676288604,0.12946867595613,0.044727614998817444,1727699090518227
-0.026704503584839404,0.11482581809759139,0.02971153991371393,1727699090528230
0.015847594005800783,0.11355857464075088,-0.025102000291645526,1727699090538232
0.03299041545391083,0.06523439645469188,-0.09429857837557792,1727699090548235
0.05009001881480217,0.007723872250318527,-0.10948621063530445,1727699090558238
0.03685998689625412,-0.02475625559389591,-0.09682342067807913,1727699090568242
-0.0014812150010839104,-0.02142272725701332,-0.05364420416504145,1727699090578244
-0.07048636216614396,0.0012859481573104857,-0.001994096426665783,1727699090588247
-0.10118662085626273,0.056826049071550366,0.042478667028248304,1727699090598250
-0.09070139413382858,0.12054770287573337,0.0915109934836626,1727699090608254
-0.10375497350692749,0.17062310864329336,0.1111392385393381,1727699090618255
-0.11961188333034514,0.1827741496860981,0.09858896904587745,1727699090628259
-0.12887410759646445,0.1635018784612417,0.0463218984529376,1727699090638261
-0.06057053282950073,0.1327595341950655,-0.03320814985781908,1727699090648265
0.05213000020980835,0.08954524636864662,-0.0899158332467079,1727699090658267
0.12277535232994705,0.04203764526247978,-0.1431114168614149,1727699090668270
0.10667524486780167,0.007739654341340064,-0.17324147444814442,1727699090678273
0.08843699286580085,0.019787819531559944,-0.13524229092150925,1727699090688276
0.034911190916039045,0.04562427157759666,-0.09643412909954786,1727699090698280
-0.0008394099662080407,0.07321019763946533,-0.04277122023403644,1727699090708283
0.0065641442885622375,0.13993337134718895,0.035084757384657855,1727699090718285
0.03940258405115455,0.18001695993244646,0.06888005948066711,1727699090728288
0.0574561271360144,0.19049159219563006,0.043996085853874684,1727699090738291
0.05766662808153778,0.17594693401455877,0.033145898276567456,1727699090748295
0.05680149915218353,0.14359306289851664,-0.006032265901565552,1727699090758297
0.04673018699288368,0.0772761319041252,-0.06781593738049269,1727699090768300
0.0676654595265165,0.02589958041012287,-0.11361351969838142,1727699090778303
0.07273326431009917,-0.03877601311802864,-0.11787380749136209,1727699090788307
0.05226323466803878,-0.036168460968136786,-0.1075078962996602,1727699090798310
-0.12579031623695044,0.14020225141644477,-0.049504620142281054,1727699091808614
-0.11720248410105705,0.13316343882083892,-0.03264057910293341,1727699091818617
-0.06895370923876762,0.12743337073624134,-0.0455158427670598,1727699091828620
-0.002415244448184967,0.10677052193582057,-0.034332769973576066,1727699091838623
0.05922372133042663,0.08882862253189086,-0.010316811352968216,1727699091848626
0.09868837429974228,0.08410451661944389,0.0009586158990859985,1727699091858628
0.15337974943015723,0.07999298964738845,-0.01067132387906313,1727699091868632
0.16141338174939154,0.06723053870797156,-0.023966566520929336,1727699091878635
0.1538472938766703,0.05715864202678203,-0.013942892895638942,1727699091888638
0.09144490597750991,0.07372223881483078,0.012913549847900867,1727699091898641
0.036494003128074104,0.07857435502111912,0.04611614674776792,1727699091908644
0.006871639335155486,0.13609306253194808,0.04006166901439428,1727699091918647
-0.008332980591990053,0.17548691528737545,0.01593202088624239,1727699091928650
0.02146484936568886,0.18746961402595042,-0.01019376949518919,1727699091938653
0.06352583897113799,0.16281331167519092,-0.05691460413783788,1727699091948656
0.07720131310224533,0.14671324074566364,-0.1185422082722187,1727699091958659
0.08734861310720443,0.11148410645425319,-0.14485183078795671,1727699091968662
0.07140289248917252,0.06818973912894725,-0.1451893921792507,1727699091978665
0.05199556017518043,0.053525253960490224,-0.11958704115003346,1727699091988668
0.05654664760828018,0.044210313126444814,-0.11852759522497654,1727699091998671
0.08531685155127197,0.05200082087218761,-0.13944675687402486,1727699092008674
0.028719861995242534,0.056580549877882,-0.08484598263651132,1727699092018677
-0.03961071037650108,0.07932780373692512,-0.004826104982197285,1727699092028681
-0.06869885769486427,0.10998188519775867,0.028870705175399778,1727699092038684
-0.0896808554470539,0.09298106603622436,0.010128010782599449,1727699092048687
-0.1408382477650419,0.09449030155539512,0.013513561567664145,1727699092058690
-0.17898531532976775,0.08395838614702224,0.01296615681797266,1727699092068693
-0.19046181811187415,0.06790332340300083,0.009421908339858055,1727699092078696
-0.17828388906214385,0.035028643283247944,-0.005620177969336509,1727699092088699
-0.09923431774470955,0.0048000937581062315,-0.011973346388339995,1727699092098702
-0.019051906472444532,-0.01079202764928341,-0.003084229750931263,1727699092108705
0.0432043509542942,-0.022893968853354454,0.04136369152367115,1727699092118708
0.05078910699486732,-0.00597264466881752,0.06874854205548762,1727699092128711
0.02059851485993713,0.028345804518461224,0.06643763476461172,1727699092138714
-0.02502108054254204,0.06431143639087676,0.0640524931937456,1727699092148717
-0.0918634601831436,0.10667173773646355,0.0599964958012104,1727699092158720
-0.12954294676873832,0.15167583158910275,0.05070581262558698,1727699092168723
-0.13317162212729453,0.19959435158371924,0.04358458244353532,1727699092178726
-0.0851975360205397,0.20072014074325562,0.010628361520171164,1727699092188729
0.023784232223965227,0.15930442677140236,-0.04009206415265798,1727699092198732
0.08257310580108314,0.12945581647455692,-0.0438996397420764,1727699092208735
0.11269812188651412,0.10665946277678012,-0.03606646189838648,1727699092218738
0.1220411928365007,0.05472235479056835,-0.023021394625306127,1727699092228741
0.13938742790222167,0.05591945562064647,-0.0031058570608496665,1727699092238744
0.1885738124081865,0.06902735899686813,-0.017651099763810633,1727699092248747
0.19885200878381729,0.06426409011781216,-0.047048459161818025,1727699092258750
0.16787468671798705,0.06120119541585445,-0.04857376903295517,1727699092268753
0.061748855893872676,0.0812719235420227,-0.044098669445514674,1727699092278756
-0.045458230828307564,0.10337912593185901,-0.04151742078065872,1727699092288759
-0.15666706400513647,0.1187514671087265,-0.04157470392584801,1727699092298762
-0.187144035333395,0.14949965659379957,-0.028692718259990212,1727699092308765
-0.16546641999986023,0.14807342318296432,-0.030726562175154685,1727699092318768
-0.1188905467858538,0.1313648649662733,-0.01269727674871683,1727699092328771
-0.0638262832224369,0.10442015941739081,-0.026278935116529463,1727699092338774
-0.011004172562621534,0.07748889787197112,-0.02087590702921152,1727699092348777
0.03571078032851219,0.05069733705818653,-0.020235271038115024,1727699092358780
0.06640402475595474,0.05408288784325122,-0.012240180630981921,1727699092368783
0.04872570819165557,0.03364800257980823,-0.005999240414798259,1727699092378786
0.038611214477755125,0.02377601238489151,-0.01535772812962532,1727699092388789
-0.0010252148618921637,0.044347091248631475,-0.017637948021292687,1727699092398792
-0.001260229194164276,0.09408756597340107,-0.007875555680692195,1727699092408795
0.022841946405172345,0.13638240086734293,-0.014897417141497135,1727699092418798
0.00943652138710022,0.16489011794924735,-0.003205225782096386,1727699092428801
-0.021446108132600783,0.18909341583549974,0.028337621212005615,1727699092438804
-0.01310611327793449,0.1936269676119089,0.018688333857059477,1727699092448807
0.05599836607575416,0.17796470357775687,0.020202830073237418,1727699092458810
0.16908698511719703,0.17008885563611983,0.020203999117016792,1727699092468813
0.25892445589806884,0.13678747453689574,0.014721768313646315,1727699092478816
0.315793759589456,0.1327893448114395,0.013374445357918738,1727699092488819
0.3188450003862381,0.15058043756783007,0.004672375725209713,1727699092498822
0.2240869878053665,0.20742811394929886,0.03124912474453449,1727699092508825
0.15250409910678864,0.23403964202105998,0.07318214058876037,1727699092518829
0.1391676476716995,0.27605098379850385,0.16026538075804708,1727699092528832
0.18726908648516982,0.29634207667708395,0.3006391893491149,1727699092538835
0.3332265404274687,0.328809929561615,0.4506982333913445,1727699092548838
0.5087760726222769,0.3149906630456447,0.5421802930414676,1727699092558841
0.652172115111351,0.27282266940176486,0.6175985221192241,1727699092568844
0.7581354123175144,0.2697130129486322,0.6992305111452937,1727699092578847
0.80156071254611,0.21618483637869357,0.718944973179698,1727699092588850
0.8949462677299976,0.19111586157381533,0.718004769720137,1727699092598853
0.9881284092962741,0.17236147674322128,0.7192530162155628,1727699092608856
1.040870988446474,0.15028057783842086,0.6823284761831164,1727699092618859
1.0989128430485724,0.1458306126922369,0.7054694055348635,1727699092628862
1.0734428862273693,0.18359423389732837,0.6967679204240441,1727699092638865
0.9775286893486976,0.1935141548871994,0.6226774328187108,1727699092648868
0.8913748389840126,0.24835809023082256,0.6108686293423176,1727699092658871
0.9055132544517517,0.27490590541660787,0.5335106643736363,1727699092668874
1.0147358457148075,0.2423907062590122,0.4677025596842169,1727699092678877
1.2488251720964907,0.11181436132192611,0.3821101425945759,1727699092688880
1.538965471524,0.03045008332133293,0.44913113020509476,1727699092698883
1.7919541441649198,-0.06363046838939189,0.5567150143504143,1727699092708886
1.9398779297441242,-0.09403612804710865,0.7174968201979994,1727699092718889
2.029799608209729,-0.08824643872976302,0.803951991596818,1727699092728892
1.980940007972717,-0.08706511999070644,0.8744389017522335,1727699092738895
1.9300041859835386,-0.058193245771527284,0.9570181085005403,1727699092748898
1.973842158666253,-0.0589683217972517,1.0360133192822336,1727699092758901
2.0563316413044928,-0.006709726771712303,1.185166646656394,1727699092768904
2.196896880814433,0.05102934549152851,1.1890294595643878,1727699092778907
2.37510416097641,-0.03735153327286243,0.887653188112378,1727699092788910
2.6204747598290443,0.5520259797513485,1.365892923901975,1727699092798913
3.0127777951359747,1.2626140434741973,1.4947373304799199,1727699092808916
2.934339049193263,1.2016542555987835,0.9389289095804094,1727699092818919
2.736127676400542,1.1841250286489724,0.820906633529067,1727699092828922
2.978530657619238,2.053506062489748,0.9102040426164865,1727699092838925
2.649934370808303,2.5737217764824627,1.0073317069381476,1727699092848928
2.280199141140282,2.4849101050853726,0.40520431019514797,1727699092858931
1.7534528563350438,2.3295739974230525,-0.11414032005146145,1727699092868934
1.165149402283132,2.4204577989190814,-0.15718451200798153,1727699092878937
0.5813114032074809,2.3848154076516628,-0.09216843447908758,1727699092888940
-0.2892331214547157,2.0867226879149676,-0.16156185030937195,1727699092898943
-1.1274646915331483,1.5906716933637857,-0.42788112916648385,1727699092908946
-1.807192629829049,0.9026309770137071,-0.835401607349515,1727699092918950
-2.1148191938474774,0.15491817451119422,-1.3756955021224915,1727699092928953
-2.0558622702270744,0.2393582066953182,-1.154845888803154,1727699092938956
-1.7192694317042827,1.8297282867640257,0.44960283937007184,1727699092948959
-1.2301543738961218,1.9587556486934423,0.8368851239055395,1727699092958962
-0.7182429623901844,0.8680956702053546,0.2398098959855735,1727699092968965
-0.10360884303450583,0.2579822431445122,0.04362535284534096,1727699092978968
-0.33236265360713,0.6016057109564542,0.8839894049078225,1727699092988971
-0.6869634425073862,0.7690104420751332,1.2991188967898488,1727699092998974
-1.034028575205803,0.5675128872185945,1.0873531920276582,1727699093008977
-1.1566869866251945,0.5140034153491259,0.7994728003561496,1727699093018980
-1.2927338719278574,0.6526257040977478,0.6925672538638115,1727699093028983
-1.7635405351072548,0.8385948504328727,0.7137012273073196,1727699093038986
-2.108991802868247,0.9997481199413537,0.5863754085987806,1727699093048989
-2.4567858343631026,1.120001223784685,0.5395788053061813,1727699093058992
-2.6292782440096136,1.2633598934054373,0.5361031650848687,1727699093068995
-2.7155916688501835,1.2155296362161636,0.4170962619103491,1727699093078998
-2.6365993806779384,0.9546645311117171,0.20197956621982155,1727699093089001
-2.2296786219537257,0.650002954378724,-0.04783917114809155,1727699093099004
-1.7689707434624433,0.3796457983076572,-0.21675649878680706,1727699093109007
-1.5552648644179106,0.1975263131380081,-0.24001060618944464,1727699093119010
-1.527535145971179,0.21447861698269843,-0.14328808860257267,1727699093129013
-1.3008254084467887,0.303514744785428,-0.10095518672056496,1727699093139016
-1.1372557254463433,0.41248774520158765,-0.03361746131107211,1727699093149019
-1.101245085388422,0.54905777759552,0.03134779934603721,1727699093159022
-1.1580763951569795,0.6262134979903697,-0.016019644370768218,1727699093169025
-1.23631231200397,0.5628372966229915,-0.1727283372942358,1727699093179028
-1.2010294016987084,0.4338496821820736,-0.3126418348971754,1727699093189031
-1.0902186644613743,0.3354752326697111,-0.3568487139575183,1727699093199034
-0.9044599460065365,0.3391162195205688,-0.3850586536692455,1727699093209037
-0.6372030940383673,0.37495267205536364,-0.36339682042673227,1727699093219040
-0.35839608952999114,0.3776508250981569,-0.36538141837269067,1727699093229043
-0.18259703955352305,0.3450754201859236,-0.3738654613405466,1727699093239046
-0.05522036744058132,0.36151802094280716,-0.4210077362656593,1727699093249049
-0.01580430285334587,0.4208551760524511,-0.46215252434164283,1727699093259052
-0.03313420783877372,0.4002081093430519,-0.4949172412808984,1727699093269055
-0.00618307254910469,0.2986269727438688,-0.591246229505539,1727699093279058
0.06567687952518463,0.22473522258102893,-0.6623896308083087,1727699093289062
0.12166121707558632,0.2303735207289457,-0.5857494952527805,1727699093299065
0.21484803481698034,0.25862813983261584,-0.4393560610460117,1727699093309068
0.3105833679974079,0.269998844152689,-0.3564455765167251,1727699093319071
0.2549281162708998,0.23817221178114412,-0.31947540724426504,1727699093329074
0.1412894621312618,0.254994751766324,-0.3282666895303875,1727699093339077
0.032523966985940934,0.3102560357391834,-0.3586556903142482,1727699093349080
-0.003660276073217392,0.2836404160141945,-0.3911445129215717,1727699093359083
0.05400806904137134,0.1976741971760988,-0.42833398750051854,1727699093369086
0.14952537555694578,0.1486836640357971,-0.40951311330497264,1727699093379089
0.1968944449752569,0.14233750987946986,-0.3412978013433516,1727699093389092
0.18707623079419136,0.12823884190022944,-0.23926745967194438,1727699093399095
0.11475333738327026,0.093009707608819,-0.19125081306509673,1727699093409098
0.01457213070988655,0.12049743399322033,-0.14247158458791673,1727699093419101
-0.0678565616518259,0.14691373175382613,-0.13076003094092012,1727699093429104
-0.09514438154995442,0.13717092089653013,-0.1392526956066489,1727699093439107
-0.05763853449821472,0.1040028107881546,-0.12008308103866874,1727699093449110
0.02354161910712719,0.0619920535326004,-0.09039872139282525,1727699093459113
0.10154664980769157,0.05083937587738037,-0.05364632305689156,1727699093469116
0.15540391220152378,0.06273205824494361,-0.0032878625642508265,1727699093479119
0.11648176861107348,0.059573886474967,-0.012975582233443856,1727699093489122
0.02268178740739822,0.058172787505388256,-0.050678413162007926,1727699093499125
-0.07574994525015354,0.07228957566320895,-0.10108465831913054,1727699093509128
-0.12956862919926643,0.08807575833797454,-0.1530973157595843,1727699093519131
-0.10278817430138587,0.10662380694150925,-0.16591770743131637,1727699093529134
-0.020446575701236723,0.10678455046117305,-0.12187675952240824,1727699093539137
0.09408347432017326,0.0687280837893486,-0.09246975551322102,1727699093549140
0.1675420937627554,0.07243453709185123,-0.09596307752169668,1727699093559143
0.2084843450039625,0.07080430554151534,-0.10589300844892859,1727699093569146
0.18381109151840208,0.08432137424051761,-0.1376615539576858,1727699093579149
0.15468495027720927,0.07208382395803928,-0.17082666839137672,1727699093589152
0.1201017126739025,0.06424655446112155,-0.18906594330668447,1727699093599155
0.13513678472042082,0.07216624154448509,-0.18536160889603195,1727699093609159
0.14398936873972415,0.09383154538571833,-0.1391999425061047,1727699093619162
0.1888701284736395,0.07579086178243159,-0.09090367524027824,1727699093629165
0.1995563576608896,0.06803250274062156,-0.06851312586441635,1727699093639168
0.20908172637522218,0.058715808340907095,-0.061599839344620703,1727699093649171
0.21035539957284927,0.05399930121302604,-0.05836041903197765,1727699093659174
0.2257780096322298,0.04824000703394413,-0.060805912487953896,1727699093669177
0.26278350594639777,0.06849193694591522,-0.08620558055192232,1727699093679180
0.28051380842626095,0.07095686575472354,-0.10242262892462313,1727699093689183
0.3101823859810829,0.05483575203716755,-0.08241027992218733,1727699093699186
0.31042730065286156,0.050691491839289664,-0.05285502654872835,1727699093709189
0.2674608501076698,0.03450374262630939,-0.0345530616607517,1727699093719192
0.19158698621690273,-0.00027530981004238127,-0.02034932587184012,1727699093729195
0.1060153196543455,-0.019652794975042343,-0.012149871999025345,1727699093739198
0.035191140368580814,-0.004248889616131782,0.01611037312783301,1727699093749201
0.005998363631963729,0.0045125089883804315,0.03411372039541602,1727699093759204
-0.016580547922849655,0.042779403540492054,-0.001712868332490325,1727699093769207
-0.009847440275549887,0.041268998977541924,-0.010363865365087986,1727699093779210
0.035056115812063214,0.03291092047691345,-0.010262377751991153,1727699093789213
0.06506488510668278,0.0346691623210907,0.017237769722566007,1727699093799216
0.06326923386156559,0.03812134860157966,0.021171382844448087,1727699093809219
0.04210428075790405,0.02261690547764301,-0.000400543624907732,1727699093819222
